protein_change,hgvs_g,revel_score,revel_rankscore,found,raw_response_snippet
T274M,chr20:g.63439704G>A,0.94,0.98708,True,"{""_id"": ""chr20:g.63439704G>A"", ""_version"": 2, ""dbnsfp"": {""_license"": ""http://bit.ly/2VLnQBz"", ""revel"": {""rankscore"": 0.98708, ""score"": [0.94, 0.94, 0.94, 0.94, 0.94, 0.94]}}}"
L81P,chr20:g.63472222A>G,0.93,0.98341,True,"{""_id"": ""chr20:g.63472222A>G"", ""_version"": 2, ""dbnsfp"": {""_license"": ""http://bit.ly/2VLnQBz"", ""revel"": {""rankscore"": 0.98341, ""score"": [0.93, 0.93, 0.93, 0.93, 0.93]}}}"
Y284H,chr20:g.63439675A>G,,,False,"{""_id"": ""chr20:g.63439675A>G"", ""_version"": 2}"
G279S,chr20:g.63439690C>T,0.97,0.99647,True,"{""_id"": ""chr20:g.63439690C>T"", ""_version"": 2, ""dbnsfp"": {""_license"": ""http://bit.ly/2VLnQBz"", ""revel"": {""rankscore"": 0.99647, ""score"": [0.97, 0.97, 0.97, 0.97, 0.97, 0.97]}}}"
V543M,chr20:g.63414092C>T,0.774,0.92419,True,"{""_id"": ""chr20:g.63414092C>T"", ""_version"": 2, ""dbnsfp"": {""_license"": ""http://bit.ly/2VLnQBz"", ""revel"": {""rankscore"": 0.92419, ""score"": [0.774, 0.774, 0.774, 0.774, 0.774]}}}"
G281R,chr20:g.63439684C>T,0.961,0.99405,True,"{""_id"": ""chr20:g.63439684C>T"", ""_version"": 2, ""dbnsfp"": {""_license"": ""http://bit.ly/2VLnQBz"", ""revel"": {""rankscore"": 0.99405, ""score"": [0.961, 0.961, 0.961, 0.961, 0.961, 0.961]}}}"
S113F,chr20:g.63446796G>A,0.771,0.92294,True,"{""_id"": ""chr20:g.63446796G>A"", ""_version"": 2, ""dbnsfp"": {""_license"": ""http://bit.ly/2VLnQBz"", ""revel"": {""rankscore"": 0.92294, ""score"": [0.771, 0.771, 0.771, 0.771, 0.771]}}}"
R144Q,chr20:g.63445321C>T,0.947,0.98955,True,"{""_id"": ""chr20:g.63445321C>T"", ""_version"": 2, ""dbnsfp"": {""_license"": ""http://bit.ly/2VLnQBz"", ""revel"": {""rankscore"": 0.98955, ""score"": [0.947, 0.947, 0.947, 0.947, 0.947, 0.947]}}}"
A193D,chr20:g.63444771G>T,0.949,0.99024,True,"{""_id"": ""chr20:g.63444771G>T"", ""_version"": 2, ""dbnsfp"": {""_license"": ""http://bit.ly/2VLnQBz"", ""revel"": {""rankscore"": 0.99024, ""score"": [0.949, 0.949, 0.949, 0.949, 0.949, 0.949]}}}"
R198Q,chr20:g.63444756C>T,0.863,0.95839,True,"{""_id"": ""chr20:g.63444756C>T"", ""_version"": 2, ""dbnsfp"": {""_license"": ""http://bit.ly/2VLnQBz"", ""revel"": {""rankscore"": 0.95839, ""score"": [0.863, 0.863, 0.863, 0.863, 0.863, 0.863]}}}"
R201C,chr20:g.63444748G>A,0.931,0.98378,True,"{""_id"": ""chr20:g.63444748G>A"", ""_version"": 2, ""dbnsfp"": {""_license"": ""http://bit.ly/2VLnQBz"", ""revel"": {""rankscore"": 0.98378, ""score"": [0.931, 0.931, 0.931, 0.931, 0.931, 0.931]}}}"
Q204H,chr20:g.63444737C>G,0.778,0.92583,True,"{""_id"": ""chr20:g.63444737C>G"", ""_version"": 2, ""dbnsfp"": {""_license"": ""http://bit.ly/2VLnQBz"", ""revel"": {""rankscore"": 0.92583, ""score"": [0.778, 0.778, 0.778, 0.778, 0.778, 0.778]}}}"
A294V,chr20:g.63439644G>A,0.833,0.94728,True,"{""_id"": ""chr20:g.63439644G>A"", ""_version"": 2, ""dbnsfp"": {""_license"": ""http://bit.ly/2VLnQBz"", ""revel"": {""rankscore"": 0.94728, ""score"": [0.833, 0.833, 0.833, 0.833, 0.833, 0.833]}}}"
A306P,chr20:g.63439609C>G,0.928,0.98267,True,"{""_id"": ""chr20:g.63439609C>G"", ""_version"": 2, ""dbnsfp"": {""_license"": ""http://bit.ly/2VLnQBz"", ""revel"": {""rankscore"": 0.98267, ""score"": [0.928, 0.928, 0.928, 0.928, 0.928, 0.928]}}}"
P335L,chr20:g.63438644G>A,0.839,0.94952,True,"{""_id"": ""chr20:g.63438644G>A"", ""_version"": 2, ""dbnsfp"": {""_license"": ""http://bit.ly/2VLnQBz"", ""revel"": {""rankscore"": 0.94952, ""score"": [0.839, 0.839, 0.839, 0.839, 0.839, 0.839]}}}"
A502V,chr20:g.63414923G>A,0.625,0.85511,True,"{""_id"": ""chr20:g.63414923G>A"", ""_version"": 2, ""dbnsfp"": {""_license"": ""http://bit.ly/2VLnQBz"", ""revel"": {""rankscore"": 0.85511, ""score"": [0.625, 0.625, 0.625, 0.625, 0.625]}}}"
R560W,chr20:g.63413535G>A,0.911,0.97624,True,"{""_id"": ""chr20:g.63413535G>A"", ""_version"": 2, ""dbnsfp"": {""_license"": ""http://bit.ly/2VLnQBz"", ""revel"": {""rankscore"": 0.97624, ""score"": [0.911, 0.911, 0.911, 0.911, 0.911]}}}"
Q586P,chr20:g.63413456T>G,0.93,0.98341,True,"{""_id"": ""chr20:g.63413456T>G"", ""_version"": 2, ""dbnsfp"": {""_license"": ""http://bit.ly/2VLnQBz"", ""revel"": {""rankscore"": 0.98341, ""score"": [0.93, 0.93, 0.93, 0.93, 0.93]}}}"
R604C,chr20:g.63408490G>A,0.823,0.94353,True,"{""_id"": ""chr20:g.63408490G>A"", ""_version"": 2, ""dbnsfp"": {""_license"": ""http://bit.ly/2VLnQBz"", ""revel"": {""rankscore"": 0.94353, ""score"": [0.823, 0.823, 0.823, 0.823, 0.823]}}}"
T605S,chr20:g.63408486G>C,0.31,0.63162,True,"{""_id"": ""chr20:g.63408486G>C"", ""_version"": 2, ""dbnsfp"": {""_license"": ""http://bit.ly/2VLnQBz"", ""revel"": {""rankscore"": 0.63162, ""score"": [0.31, 0.31, 0.31, 0.31, 0.31]}}}"
T276P,chr20:g.63439699T>G,,,False,"{""_id"": ""chr20:g.63439699T>G"", ""_version"": 2}"
R760H,chr20:g.63406984C>T,0.641,0.86333,True,"{""_id"": ""chr20:g.63406984C>T"", ""_version"": 2, ""dbnsfp"": {""_license"": ""http://bit.ly/2VLnQBz"", ""revel"": {""rankscore"": 0.86333, ""score"": [0.641, 0.641, 0.641, 0.641]}}}"
G281W,chr20:g.63439684C>A,0.971,0.99671,True,"{""_id"": ""chr20:g.63439684C>A"", ""_version"": 2, ""dbnsfp"": {""_license"": ""http://bit.ly/2VLnQBz"", ""revel"": {""rankscore"": 0.99671, ""score"": [0.971, 0.971, 0.971, 0.971, 0.971, 0.971]}}}"
R581Q,chr20:g.63413471C>T,0.95,0.99058,True,"{""_id"": ""chr20:g.63413471C>T"", ""_version"": 2, ""dbnsfp"": {""_license"": ""http://bit.ly/2VLnQBz"", ""revel"": {""rankscore"": 0.99058, ""score"": [0.95, 0.95, 0.95, 0.95, 0.95]}}}"
A196V,chr20:g.63444762G>A,0.877,0.96354,True,"{""_id"": ""chr20:g.63444762G>A"", ""_version"": 2, ""dbnsfp"": {""_license"": ""http://bit.ly/2VLnQBz"", ""revel"": {""rankscore"": 0.96354, ""score"": [0.877, 0.877, 0.877, 0.877, 0.877, 0.877]}}}"
D212G,chr20:g.63444714T>C,0.945,0.98886,True,"{""_id"": ""chr20:g.63444714T>C"", ""_version"": 2, ""dbnsfp"": {""_license"": ""http://bit.ly/2VLnQBz"", ""revel"": {""rankscore"": 0.98886, ""score"": [0.945, 0.945, 0.945, 0.945, 0.945, 0.945]}}}"
H228Q,chr20:g.63444665G>T,0.841,0.95026,True,"{""_id"": ""chr20:g.63444665G>T"", ""_version"": 2, ""dbnsfp"": {""_license"": ""http://bit.ly/2VLnQBz"", ""revel"": {""rankscore"": 0.95026, ""score"": [0.841, 0.841, 0.841, 0.841, 0.841, 0.841]}}}"
L243F,chr20:g.63442495G>A,0.912,0.97662,True,"{""_id"": ""chr20:g.63442495G>A"", ""_version"": 2, ""dbnsfp"": {""_license"": ""http://bit.ly/2VLnQBz"", ""revel"": {""rankscore"": 0.97662, ""score"": [0.912, 0.912, 0.912, 0.912, 0.912, 0.912]}}}"
A294G,chr20:g.63439644G>C,0.708,0.89559,True,"{""_id"": ""chr20:g.63439644G>C"", ""_version"": 2, ""dbnsfp"": {""_license"": ""http://bit.ly/2VLnQBz"", ""revel"": {""rankscore"": 0.89559, ""score"": [0.708, 0.708, 0.708, 0.708, 0.708, 0.708]}}}"
R333W,chr20:g.63438651G>A,0.937,0.98599,True,"{""_id"": ""chr20:g.63438651G>A"", ""_version"": 2, ""dbnsfp"": {""_license"": ""http://bit.ly/2VLnQBz"", ""revel"": {""rankscore"": 0.98599, ""score"": [0.937, 0.937, 0.937, 0.937, 0.937, 0.937]}}}"
R333Q,chr20:g.63438650C>T,0.896,0.9706,True,"{""_id"": ""chr20:g.63438650C>T"", ""_version"": 2, ""dbnsfp"": {""_license"": ""http://bit.ly/2VLnQBz"", ""revel"": {""rankscore"": 0.9706, ""score"": [0.896, 0.896, 0.896, 0.896, 0.896, 0.896]}}}"
Y284D,chr20:g.63439675A>C,,,False,"{""_id"": ""chr20:g.63439675A>C"", ""_version"": 2}"
A306V,chr20:g.63439608G>A,0.897,0.97097,True,"{""_id"": ""chr20:g.63439608G>A"", ""_version"": 2, ""dbnsfp"": {""_license"": ""http://bit.ly/2VLnQBz"", ""revel"": {""rankscore"": 0.97097, ""score"": [0.897, 0.897, 0.897, 0.897, 0.897, 0.897]}}}"
E130K,chr20:g.63445364C>T,0.935,0.98526,True,"{""_id"": ""chr20:g.63445364C>T"", ""_version"": 2, ""dbnsfp"": {""_license"": ""http://bit.ly/2VLnQBz"", ""revel"": {""rankscore"": 0.98526, ""score"": [0.935, 0.935, 0.935, 0.935, 0.935, 0.935]}}}"
Q375E,chr20:g.63431365G>C,0.535,0.80486,True,"{""_id"": ""chr20:g.63431365G>C"", ""_version"": 2, ""dbnsfp"": {""_license"": ""http://bit.ly/2VLnQBz"", ""revel"": {""rankscore"": 0.80486, ""score"": [0.535, 0.535]}}}"
F104L,chr20:g.63446822G>C,0.552,0.81485,True,"{""_id"": ""chr20:g.63446822G>C"", ""_version"": 2, ""dbnsfp"": {""_license"": ""http://bit.ly/2VLnQBz"", ""revel"": {""rankscore"": 0.81485, ""score"": [0.552, 0.552, 0.552, 0.552, 0.552]}}}"
D212Y,chr20:g.63444715C>A,0.912,0.97662,True,"{""_id"": ""chr20:g.63444715C>A"", ""_version"": 2, ""dbnsfp"": {""_license"": ""http://bit.ly/2VLnQBz"", ""revel"": {""rankscore"": 0.97662, ""score"": [0.912, 0.912, 0.912, 0.912, 0.912, 0.912]}}}"
T277I,chr20:g.63439695G>A,0.975,0.99762,True,"{""_id"": ""chr20:g.63439695G>A"", ""_version"": 2, ""dbnsfp"": {""_license"": ""http://bit.ly/2VLnQBz"", ""revel"": {""rankscore"": 0.99762, ""score"": [0.975, 0.975, 0.975, 0.975, 0.975, 0.975]}}}"
I278V,chr20:g.63439693T>C,,,False,"{""_id"": ""chr20:g.63439693T>C"", ""_version"": 2}"
D282E,chr20:g.63439679G>T,0.918,0.9789,True,"{""_id"": ""chr20:g.63439679G>T"", ""_version"": 2, ""dbnsfp"": {""_license"": ""http://bit.ly/2VLnQBz"", ""revel"": {""rankscore"": 0.9789, ""score"": [0.918, 0.918, 0.918, 0.918, 0.918, 0.918]}}}"
Y284N,chr20:g.63439675A>T,,,False,"{""_id"": ""chr20:g.63439675A>T"", ""_version"": 2}"
R291G,chr20:g.63439654T>C,,,False,"{""_id"": ""chr20:g.63439654T>C"", ""_version"": 2}"
R210H,chr20:g.63444720C>T,0.85,0.9536,True,"{""_id"": ""chr20:g.63444720C>T"", ""_version"": 2, ""dbnsfp"": {""_license"": ""http://bit.ly/2VLnQBz"", ""revel"": {""rankscore"": 0.9536, ""score"": [0.85, 0.85, 0.85, 0.85, 0.85, 0.85]}}}"
S751L,chr20:g.63407011G>A,0.551,0.81427,True,"{""_id"": ""chr20:g.63407011G>A"", ""_version"": 2, ""dbnsfp"": {""_license"": ""http://bit.ly/2VLnQBz"", ""revel"": {""rankscore"": 0.81427, ""score"": [0.551, 0.551, 0.551, 0.551]}}}"
G737S,chr20:g.63407054C>T,0.336,0.65816,True,"{""_id"": ""chr20:g.63407054C>T"", ""_version"": 2, ""dbnsfp"": {""_license"": ""http://bit.ly/2VLnQBz"", ""revel"": {""rankscore"": 0.65816, ""score"": [0.336, 0.336, 0.336, 0.336, 0.336]}}}"
R201H,chr20:g.63444747C>T,0.968,0.99597,True,"{""_id"": ""chr20:g.63444747C>T"", ""_version"": 2, ""dbnsfp"": {""_license"": ""http://bit.ly/2VLnQBz"", ""revel"": {""rankscore"": 0.99597, ""score"": [0.968, 0.968, 0.968, 0.968, 0.968, 0.968]}}}"
L203P,chr20:g.63444741A>G,0.98,0.99858,True,"{""_id"": ""chr20:g.63444741A>G"", ""_version"": 2, ""dbnsfp"": {""_license"": ""http://bit.ly/2VLnQBz"", ""revel"": {""rankscore"": 0.99858, ""score"": [0.98, 0.98, 0.98, 0.98, 0.98, 0.98]}}}"
T276I,chr20:g.63439698G>A,0.986,0.99942,True,"{""_id"": ""chr20:g.63439698G>A"", ""_version"": 2, ""dbnsfp"": {""_license"": ""http://bit.ly/2VLnQBz"", ""revel"": {""rankscore"": 0.99942, ""score"": [0.986, 0.986, 0.986, 0.986, 0.986, 0.986]}}}"
G279C,chr20:g.63439690C>A,0.97,0.99647,True,"{""_id"": ""chr20:g.63439690C>A"", ""_version"": 2, ""dbnsfp"": {""_license"": ""http://bit.ly/2VLnQBz"", ""revel"": {""rankscore"": 0.99647, ""score"": [0.97, 0.97, 0.97, 0.97, 0.97, 0.97]}}}"
M578V,chr20:g.63413481T>C,0.966,0.99545,True,"{""_id"": ""chr20:g.63413481T>C"", ""_version"": 2, ""dbnsfp"": {""_license"": ""http://bit.ly/2VLnQBz"", ""revel"": {""rankscore"": 0.99545, ""score"": [0.966, 0.966, 0.966, 0.966, 0.966]}}}"
I278T,chr20:g.63439692A>G,0.973,0.99718,True,"{""_id"": ""chr20:g.63439692A>G"", ""_version"": 2, ""dbnsfp"": {""_license"": ""http://bit.ly/2VLnQBz"", ""revel"": {""rankscore"": 0.99718, ""score"": [0.973, 0.973, 0.973, 0.973, 0.973, 0.973]}}}"
V567D,chr20:g.63413513A>T,0.982,0.9989,True,"{""_id"": ""chr20:g.63413513A>T"", ""_version"": 2, ""dbnsfp"": {""_license"": ""http://bit.ly/2VLnQBz"", ""revel"": {""rankscore"": 0.9989, ""score"": [0.982, 0.982, 0.982, 0.982, 0.982]}}}"
D282H,chr20:g.63439681C>G,0.983,0.99904,True,"{""_id"": ""chr20:g.63439681C>G"", ""_version"": 2, ""dbnsfp"": {""_license"": ""http://bit.ly/2VLnQBz"", ""revel"": {""rankscore"": 0.99904, ""score"": [0.983, 0.983, 0.983, 0.983, 0.983, 0.983]}}}"
H228Y,chr20:g.63444667G>A,0.954,0.99189,True,"{""_id"": ""chr20:g.63444667G>A"", ""_version"": 2, ""dbnsfp"": {""_license"": ""http://bit.ly/2VLnQBz"", ""revel"": {""rankscore"": 0.99189, ""score"": [0.954, 0.954, 0.954, 0.954, 0.954, 0.954]}}}"
R144W,chr20:g.63445322G>A,0.874,0.96243,True,"{""_id"": ""chr20:g.63445322G>A"", ""_version"": 2, ""dbnsfp"": {""_license"": ""http://bit.ly/2VLnQBz"", ""revel"": {""rankscore"": 0.96243, ""score"": [0.874, 0.874, 0.874, 0.874, 0.874, 0.874]}}}"
P410L,chr20:g.63424195G>A,0.389,0.70521,True,"{""_id"": ""chr20:g.63424195G>A"", ""_version"": 2, ""dbnsfp"": {""_license"": ""http://bit.ly/2VLnQBz"", ""revel"": {""rankscore"": 0.70521, ""score"": [0.389, 0.389, 0.389, 0.389, 0.389]}}}"
T771I,chr20:g.63406951G>A,0.031,0.07369,True,"{""_id"": ""chr20:g.63406951G>A"", ""_version"": 2, ""dbnsfp"": {""_license"": ""http://bit.ly/2VLnQBz"", ""revel"": {""rankscore"": 0.07369, ""score"": [0.031, 0.031, 0.031, 0.031]}}}"
I238V,chr20:g.63442510T>C,0.664,0.87479,True,"{""_id"": ""chr20:g.63442510T>C"", ""_version"": 2, ""dbnsfp"": {""_license"": ""http://bit.ly/2VLnQBz"", ""revel"": {""rankscore"": 0.87479, ""score"": [0.664, 0.664, 0.664, 0.664, 0.664, 0.664]}}}"
Y284C,chr20:g.63439674T>C,0.854,0.95507,True,"{""_id"": ""chr20:g.63439674T>C"", ""_version"": 2, ""dbnsfp"": {""_license"": ""http://bit.ly/2VLnQBz"", ""revel"": {""rankscore"": 0.95507, ""score"": [0.854, 0.854, 0.854, 0.854, 0.854, 0.854]}}}"
A306T,chr20:g.63439609C>T,0.84,0.94989,True,"{""_id"": ""chr20:g.63439609C>T"", ""_version"": 2, ""dbnsfp"": {""_license"": ""http://bit.ly/2VLnQBz"", ""revel"": {""rankscore"": 0.94989, ""score"": [0.84, 0.84, 0.84, 0.84, 0.84, 0.84]}}}"
R214W,chr20:g.63444709G>A,0.841,0.95026,True,"{""_id"": ""chr20:g.63444709G>A"", ""_version"": 2, ""dbnsfp"": {""_license"": ""http://bit.ly/2VLnQBz"", ""revel"": {""rankscore"": 0.95026, ""score"": [0.841, 0.841, 0.841, 0.841, 0.841, 0.841]}}}"
R207W,chr20:g.63444730G>A,0.943,0.98816,True,"{""_id"": ""chr20:g.63444730G>A"", ""_version"": 2, ""dbnsfp"": {""_license"": ""http://bit.ly/2VLnQBz"", ""revel"": {""rankscore"": 0.98816, ""score"": [0.943, 0.943, 0.943, 0.943, 0.943, 0.943]}}}"
R207Q,chr20:g.63444729C>T,0.937,0.98599,True,"{""_id"": ""chr20:g.63444729C>T"", ""_version"": 2, ""dbnsfp"": {""_license"": ""http://bit.ly/2VLnQBz"", ""revel"": {""rankscore"": 0.98599, ""score"": [0.937, 0.937, 0.937, 0.937, 0.937, 0.937]}}}"
H228R,chr20:g.63444666T>C,0.944,0.98851,True,"{""_id"": ""chr20:g.63444666T>C"", ""_version"": 2, ""dbnsfp"": {""_license"": ""http://bit.ly/2VLnQBz"", ""revel"": {""rankscore"": 0.98851, ""score"": [0.944, 0.944, 0.944, 0.944, 0.944, 0.944]}}}"
Y280H,chr20:g.63439687A>G,,,False,"{""_id"": ""chr20:g.63439687A>G"", ""_version"": 2}"
